type,ref,date,title,subject,MNIS_id,gender,constituency
Ten minute rule bills,Bill 297 2019-21,2021-04-28,Environment (Regulation) Bill 2019-21,Animal welfare; Enforcement; Environment protection; Public sector; Standards; Regulation; Trade agreements,1591,M,Westmorland and Lonsdale
Ten minute rule bills,Bill 294 2019-21,2021-04-27,Tool Theft (Prevention) Bill 2019-21,Sales; Secondhand goods; Theft; Tools,4778,M,Buckingham
Presentation bills,Bill 292 2019-21,2021-04-26,High-rise Properties (Electrical Safety) Bill 2019-21,Inspections; Electrical safety; Social rented housing; High rise flats,1516,M,Hammersmith
Ten minute rule bills,Bill 286 2019-21,2021-04-20,Planning (Local Authority Housing Developments) Bill 2019-21,Construction; Housing; Planning permission,4803,M,Eastleigh
Ten minute rule bills,Bill 283 2019-21,2021-04-13,Road User Charging (Outer London) Bill 2019-21,Greater London; Powers; Mayor of London; Roads; Tolls,3970,M,Dartford
Private members' bills,Bill 282 2019-21,2021-03-25,Scottish Parliament (Disqualification of Members of the House of Commons) Bill 2019-21,Disqualification; Members; Scottish Parliament,4738,M,Stirling
Ten minute rule bills,Bill 280 2019-21,2021-03-24,Gaming Hardware (Automated Purchase and Resale) (No. 2) Bill 2019-21,ICT; Electronic commerce; Video games; Automation,4402,M,Dunfermline and West Fife
Private members' bills,Bill 279 2019-21,2021-03-24,Coronavirus (No. 2) Bill 2019-21,Data protection; Appeals; Asylum; Elections; Education; Immigration; Industrial health and safety; Fines; Free school meals; Privacy; Standards; Sick pay; Coronavirus; Contact tracing,1489,F,Brent Central
Ten minute rule bills,Bill 278 2019-21,2021-03-23,First Aid (Mental Health) Bill 2019-21,First aid; Mental health; Training,4812,M,Watford
Ten minute rule bills,Bill 276 2019-21,2021-03-17,Education Employment (Accompaniment to Hearings) Bill 2019-21,Disciplinary proceedings; Advocacy; Teachers,4756,M,Bassetlaw
Ten minute rule bills,Bill 275 2019-21,2021-03-16,Goods and Services of UK Origin Bill 2019-21,Contracts; Public sector; Procurement; Origin marking,177,M,Harrow West
Ten minute rule bills,Bill 272 2019-21,2021-03-10,Pig Husbandry (Farrowing) Bill 2019-21,Animal housing; Animal welfare; Animal breeding; Pigs,44,M,Southend West
Presentation bills,Bill 271 2019-21,2021-03-10,Electrical Safety (Online Sales) Bill 2019-21,Electronic commerce; Electrical safety; Sales,4796,M,Gordon
Ten minute rule bills,Bill 269 2019-21,2021-03-09,Landfill Sites (Odorous Emissions) Bill 2019-21,Landfill; Standards; Odour pollution,4837,M,Newcastle-under-Lyme
Ten minute rule bills,Bill 266 2019-21,2021-03-08,Housing and Homelessness (Local Accommodation Duty) Bill 2019-21,Local government; Temporary accommodation; Sleeping rough,199,F,Westminster North
Ten minute rule bills,Bill 265 2019-21,2021-03-02,Banking Services (Post Offices) Bill 2019-21,Bank services; Post offices,4784,M,North Norfolk
Ten minute rule bills,Bill 261 2019-21,2021-02-24,High Performance Vehicles Renting (Regulation) Bill 2019-21,Hire services; Motor vehicles; Regulation,4472,F,Halifax
Ten minute rule bills,Bill 260 2019-21,2021-02-23,Youth Courts and Sentencing Bill 2019-21,Age; Sentencing; Young offenders; Youth courts,4745,M,Aylesbury
Ten minute rule bills,Bill 259 2019-21,2021-02-10,Essay Mills (Prohibition) Bill 2019-21,Students; Plagiarism,4021,M,Kingswood
Ten minute rule bills,Bill 256 2019-21,2021-02-09,"Victims of Crime and Anti-social Behaviour, etc (Rights, Entitlements and Related Matters) Bill 2019-21",Children; Criminal investigation; Appeals; Crime; Protection; Witnesses; Victims; Victim support schemes; Victims' Commissioner,4505,M,Hove
Ten minute rule bills,Bill 254 2019-21,2021-02-03,Air Quality Bill 2019-21,Air pollution; Pollution control,1500,F,Chipping Barnet
Presentation bills,Bill 253 2019-21,2021-02-03,Gaming Hardware (Automated Purchase and Resale) Bill 2019-21,ICT; Electronic commerce; Video games; Automation,4402,M,Dunfermline and West Fife
Ten minute rule bills,Bill 251 2019-21,2021-02-02,Local Welfare Assistance Provision (Review) Bill 2019-21,Cost effectiveness; Local government; Standards; Welfare assistance schemes,3926,M,Blackpool North and Cleveleys
Presentation bills,Bill 250 2019-21,2021-02-02,Driving Tests (Repayment of Test Fees) Bill 2019-21,Fees and charges; Driving tests; Repayments,4413,F,East Renfrewshire
Ten minute rule bills,Bill 247 2019-21,2021-01-27,Ministerial Interests (Emergency Powers) Bill 2019-21,Contracts for services; Conflict of interests; Ministers; Ministerial statements,4482,M,Midlothian
Ten minute rule bills,Bill 245 2019-21,2021-01-26,Football (Regulation) Bill 2019-21,NA,4018,F,Maidstone and The Weald
Ten minute rule bills,Bill 241 2019-21,2021-01-20,Internet Access Bill 2019-21,Access; Children; Disadvantaged; Internet; Universal service obligation; Mobile broadband,4621,M,Bristol North West
Ten minute rule bills,Bill 240 2019-21,2021-01-19,Freedom of Speech (Universities) Bill 2019-21,Freedom of expression; Universities,373,M,Haltemprice and Howden
Ten minute rule bills,Bill 238 2019-21,2021-01-13,Covid-19 Financial Assistance (Gaps in Support) Bill 2019-21,Government assistance; Self-employed; Coronavirus,NA,NA,NA
Ten minute rule bills,Bill 237 2019-21,2021-01-12,Abolition of Business Rates Bill 2019-21,Non-domestic rates; VAT,4474,M,Thirsk and Malton
Ten minute rule bills,Bill 235 2019-21,2020-12-16,Arms (Exports and Remote Warfare) Bill 2019-21,Arms trade; Exports; Parliamentary scrutiny; Unmanned air vehicles,4738,M,Stirling
Ten minute rule bills,Bill 233 2019-21,2020-12-15,Virginity Testing (Prohibition) Bill 2019-21,Females; Medical examinations; Sex,4813,M,North West Durham
Ten minute rule bills,Bill 228 2019-21,2020-12-09,Sexual Exploitation Bill 2019-21,Human trafficking; Prostitution,1533,F,Kingston upon Hull North
Ten minute rule bills,Bill 226 2019-21,2020-12-08,BBC (Transparency) Bill 2019-21,Disclosure of information; BBC; Billing; Expenditure; Pay,4086,M,Vale of Glamorgan
Ballot bills,Bill 223 2019-21,2020-12-02,Prisons (Substance Testing) Bill 2019-21. As amended in Committee.,NA,NA,NA,NA
Ten minute rule bills,Bill 222 2019-21,2020-12-02,Automated External Defibrillators (Public Access) Bill 2019-21,First aid; Defibrillators,4131,M,Strangford
Ten minute rule bills,Bill 221 2019-21,2020-12-01,Apologies Bill 2019-21,Compensation; Liability; Negligence; Dispute resolution,1606,M,Henley
Ten minute rule bills,Bill 219 2019-21,2020-11-25,Driving Offences (Amendment) Bill 2019-21,Dangerous driving; Road traffic offences; Private property,4501,M,Merthyr Tydfil and Rhymney
Ten minute rule bills,Bill 217 2019-21,2020-11-24,National Health Service Reserve Staff Bill 2019-21,NHS; Staff; Voluntary work,4484,M,Havant
Ten minute rule bills,Bill 214 2019-21,2020-11-18,Supported Accommodation Bill 2019-21,Supported housing,298,M,"Birmingham, Selly Oak"
Ten minute rule bills,Bill 213 2019-21,2020-11-17,Doctors and Nurses (Developing Countries) Bill 2019-21,Developing countries; Doctors; Nurses; Migrant workers; Training,1211,M,Sutton Coldfield
Ballot bills,Bill 211 2019-21,2020-11-11,Forensic Science Regulator Bill 2019-21. As amended in Public Bill Committee.,NA,4621,M,Bristol North West
Ten minute rule bills,Bill 212 2019-21,2020-11-11,Supported Housing (Regulation) Bill 2019-21,Children in care; Local government; Standards; Supported housing,1491,F,Bristol East
Ten minute rule bills,Bill 209 2019-21,2020-11-10,Jet Skis (Licensing) Bill 2019-21,Licensing; Safety; Jet skis,1397,M,Arfon
Presentation bills,Bill 207 2019-21,2020-11-05,Plastic Pollution Bill 2019-21,Pollution control; Plastics; Waste disposal,1442,M,Orkney and Shetland
Ten minute rule bills,Bill 206 2019-21,2020-11-04,Employment (Dismissal and Re-employment) (No. 2) Bill 2019-21,Conditions of employment; Unfair dismissal,4420,M,Paisley and Renfrewshire North
Ten minute rule bills,Bill 205 2019-21,2020-11-03,Food Labelling (Environmental Sustainability) Bill 2019-21,Environment protection; Food; Labelling; Sustainable development,1413,M,Epsom and Ewell
Presentation bills,Bill 203 2019-21,2020-10-22,Marriage (Authorised Belief Organisations) Bill 2019-21,Licensing; Marriage,3987,M,Gillingham and Rainham
Ten minute rule bills,Bill 201 2019-21,2020-10-21,Vehicle Registration Offences (Penalty Points) Bill 2019-21,Antisocial behaviour; Enforcement; Motorcycles; Speed limits; Road traffic offences; Driving licences,4874,M,Arundel and South Downs
Ten minute rule bills,Bill 199 2019-21,2020-10-20,Equal Pay (Information and Claims) Bill 2019-21,Disclosure of information; Females; Equal pay; Ethnic groups,4088,F,Walthamstow
Ten minute rule bills,Bill 197 2019-21,2020-10-14,Dogs and Domestic Animals (Accommodation and Protection) Bill 2019-21,Animal welfare; Dogs; Tenants; Rented housing; Tagging,1447,M,Romford
Presentation bills,Bill 196 2019-21,2020-10-14,Election Candidates (All-ethnic-minority Shortlists) Bill 2019-21,Candidates; Elections; Ethnic groups,4602,F,Bath
Ten minute rule bills,Bill 194 2019-21,2020-10-13,School Breakfast Bill 2019-21,Pupils; Schools; Breakfast clubs,4277,F,South Shields
Ten minute rule bills,Bill 193 2019-21,2020-10-07,Conveyancing Standards Bill 2019-21,Conveyancing; Standards; Risk assessment,4789,M,Dudley North
Ten minute rule bills,Bill 192 2019-21,2020-10-06,Marriage and Civil Partnership (Minimum Age) Bill 2019-21,Children; Civil partnerships; Age; Marriage; Protection,4025,F,Mid Derbyshire
Ten minute rule bills,Bill 190 2019-21,2020-09-30,Business Standards Bill 2019-21,Conditions of employment; Business; Environment protection; Standards; Taxation,178,M,Hayes and Harlington
Ten minute rule bills,Bill 189 2019-21,2020-09-29,Problem Drug Use Bill 2019-21,Decriminalisation; Health services; Drugs; Misuse; Policy,4453,M,Edinburgh East
Ten minute rule bills,Bill 187 2019-21,2020-09-23,Pets (Microchips) Bill 2019-21,Dogs; Euthanasia; Tagging; Veterinary services,4854,M,Bury North
Ten minute rule bills,Bill 184 2019-21,2020-09-22,Planning (Proper Maintenance of Land) Bill 2019-21,Conservation; Fines; Historic buildings; Repairs and maintenance,4814,M,Stoke-on-Trent North
Ten minute rule bills,Bill 183 2019-21,2020-09-16,Remote Participation in House of Commons Proceedings (Motion) Bill,House of Commons; Members; Parliamentary proceedings; Virtual contributions,1489,F,Brent Central
Presentation bills,Bill 182 2019-21,2020-09-16,Overseas Development Assistance Committee Bill 2019-21,House of Commons; Public expenditure; Parliamentary scrutiny; Overseas aid; Select committees,4765,F,North East Fife
Ten minute rule bills,Bill 180 2019-21,2020-09-15,Digitally Altered Body Images Bill 2019-21,Broadcasting; Advertising; Digital technology; Photography; Standards,4781,M,Bosworth
Ten minute rule bills,Bill 178 2019-21,2020-09-09,Houses in Multiple Occupation Bill 2019-21,Licensing; Multiple occupation; Private rented housing; Standards,4749,M,Blyth Valley
Ten minute rule bills,Bill 175 2019-21,2020-09-08,White Goods (Registration) Bill 2019-21,Domestic appliances; Electrical safety; Registration,4034,F,Makerfield
Ten minute rule bills,Bill 173 2019-21,2020-09-02,Recall of MPs (Change of Party Affiliation) Bill 2019-21,Elections; Members; Political parties,4762,M,Totnes
Presentation bills,Bill 172 2019-21,2020-09-02,Climate and Ecology Bill 2019-21,Climate change; Biodiversity; Policy,3930,F,"Brighton, Pavilion"
Presentation bills,Bill 171 2019-21,2020-09-02,Cash Machines Bill 2019-21,Cash dispensing; Fees and charges,4386,F,Rutherglen and Hamilton West
Ten minute rule bills,Bill 170 2019-21,2020-09-01,Immigration (Health and Social Care Staff) Bill 2019-21,Care homes; Immigration controls; Immigration; NHS; Staff; Migrant workers,4634,F,Edinburgh West
Ten minute rule bills,Bill 169 2019-21,2020-07-22,Welfare (Terminal Illness) Bill 2019-21,Benefits rules; Terminal illnesses,1548,F,Newport East
Presentation bills,Bill 168 2019-21,2020-07-22,Coronavirus Inquiry Bill 2019-21,Policy; Public inquiries; Coronavirus,188,M,Kingston and Surbiton
Ten minute rule bills,Bill 167 2019-21,2020-07-21,Death by Dangerous Driving (Sentencing) Bill 2019-21,Death; Dangerous driving; Sentencing,8,F,Maidenhead
Ten minute rule bills,Bill 164 2019-21,2020-07-15,Tree-lined Streets Bill 2019-21,Planning; Property development; Roads; Urban areas; Trees; Tree planting,4835,M,Heywood and Middleton
Ten minute rule bills,Bill 163 2019-21,2020-07-14,Disabled Facilities Grants (Review) Bill 2019-21,Access; Disability; Building alterations; Disabled facilities grants; Housing; Finance; Muscular dystrophy,4618,F,Blaydon
Presentation bills,Bill 162 2019-21,2020-07-14,Domestic Properties (Minimum Energy Performance) Bill,Conservation; Housing; Energy; Standards,44,M,Southend West
Presentation bills,Bill 161 2019-21,2020-07-14,Non-gender-specific Passports Bill 2019-21,Gender; Passports,4634,F,Edinburgh West
Ten minute rule bills,Bill 158 2019-21,2020-07-08,Pregnancy and Maternity (Redundancy Protection) Bill 2019-21,Protection; Maternity leave; Redundancy; Pregnancy,1480,F,Basingstoke
Ten minute rule bills,Bill 156 2019-21,2020-07-07,Magistrates (Retirement Age) Bill 2019-21,Age; Magistrates; Retirement,1605,M,Eddisbury
Presentation bills,Bill 155 2019-21,2020-07-07,Decarbonisation and Economic Strategy Bill 2019-21,Capital investment; Economic situation; Pollution control; Standards; Carbon emissions,3930,F,"Brighton, Pavilion"
Presentation bills,Bill 154 2019-21,2020-07-06,Tibet (Reciprocal Access) Bill 2019-21,Access; Disclosure of information; British nationals abroad; Journalism; Tourism; Diplomatic relations; Tibet,114,M,East Worthing and Shoreham
Ten minute rule bills,Bill 149 2019-21,2020-06-30,New Homes (New Development Standards) Bill 2019-21,Construction; Broadband; Housing; Insulation; Electric vehicles; Standards; Charging points,249,M,The Cotswolds
Ten minute rule bills,Bill 145 2019-21,2020-06-24,Demonstrations (Abortion Clinics) Bill 2019-21,Demonstrations; Abortion; Clinics; Intimidation; Public spaces protection orders,4511,F,Ealing Central and Acton
Presentation bills,Bill 147 2019-21,2020-06-24,Police Stop and Search (Repeal) Bill 2019-21,Police; Stop and search,188,M,Kingston and Surbiton
Ten minute rule bills,Bill 144 2019-21,2020-06-23,Desecration of War Memorials Bill 2019-21,Damage; Vandalism; War memorials,4814,M,Stoke-on-Trent North
Presentation bills,Bill 143 2019-21,2020-06-22,European Union (Withdrawal Agreement) (Extension) Bill 2019-21,Brexit; UK relations with EU,4656,F,Oxford West and Abingdon
Ten minute rule bills,Bill 140 2019-21,2020-06-17,Sexual Offences (Sports Coaches) Bill 2019-21,Children; Young people; Sexual offences; Sports,3950,F,Chatham and Aylesford
Ten minute rule bills,Bill 139 2019-21,2020-06-16,Automatic Electoral Registration Bill 2019-21,Disclosure of information; Electoral register; Public bodies,4391,F,Bradford South
Presentation bills,Bill 137 2019-21,2020-06-15,Internet Access (Children Eligible for Free School Meals) Bill 2019-21,Access; Disadvantaged; Eligibility; Internet; Pupils,193,F,Mitcham and Morden
Ten minute rule bills,Bill 135 2019-21,2020-06-11,Local Electricity Bill 2019-21,Energy supply; Electricity; Renewable energy,4069,M,Waveney
Presentation bills,Bill 134 2019-21,2020-06-10,Employment (Reasonable Adjustments for Carers) Bill 2019-21,Conditions of employment; Carers; Compassionate leave,188,M,Kingston and Surbiton
Presentation bills,Bill 132 2019-21,2020-06-09,Employment (Dismissal and Re-employment) Bill 2019-21,Conditions of employment; Employment; Dismissal,4420,M,Paisley and Renfrewshire North
Ten minute rule bills,Bill 133 2019-21,2020-06-09,Pedicabs (London) Bill 2019-21,Greater London; Regulation; Pedicabs,4741,F,Cities of London and Westminster
Presentation bills,Bill 131 2019-21,2020-06-03,"Abortion (Cleft Lip, Cleft Palate and Clubfoot) Bill 2019-21",Abortion; Club foot; Cleft palate,3958,F,Congleton
Presentation bills,Bill 130 2019-21,2020-05-20,European Union Withdrawal (Implementation Period) Bill 2019-21,Trade agreements; Brexit,188,M,Kingston and Surbiton
Ten minute rule bills,Bill 126 2019-21,2020-04-22,Public Advocate (No. 2) Bill 2019-21,Advocacy; Disasters; Families,483,F,Garston and Halewood
Ten minute rule bills,Bill 124 2019-21,2020-03-24,Wellbeing of Future Generations (No. 2) Bill 2019-21,Health; Public sector; Sustainable development,3930,F,"Brighton, Pavilion"
Ten minute rule bills,Bill 119 2019-21,2020-03-18,Children (Access to Treatment) Bill 2019-21,Children; Medical treatments,4610,M,"Enfield, Southgate"
Presentation bills,Bill 118 2019-21,2020-03-18,Vagrancy (Repeal) Bill 2019-21,NA,4656,F,Oxford West and Abingdon
Ten minute rule bills,Bill 113 2019-21,2020-03-17,Company Transparency (Carbon in Supply Chains) Bill 2019-21,Disclosure of information; Companies; Carbon emissions,4110,F,Staffordshire Moorlands
Ten minute rule bills,Bill 112 2019-21,2020-03-16,Assaults on Retail Workers (Offences) Bill 2019-21,Crimes against the person; Crimes of violence; Staff; Shops; Retail trade,4641,M,Nottingham North
Presentation bills,Bill 105 2019-21,2020-03-12,Gender-Based Pricing (Prohibition) Bill 2019-21,Equality; Gender; Prices; Manufactured goods,4634,F,Edinburgh West
Presentation bills,Bill 111 2019-21,2020-03-11,Protest (Abortion Clinics) Bill 2019-21,Demonstrations; Abortion; Clinics,4591,F,Richmond Park
Ten minute rule bills,Bill 110 2019-21,2020-03-10,Aviation Banning Orders (Disruptive Passengers) Bill 2019-21,Aviation; Misconduct; Passengers,3970,M,Dartford
Presentation bills,Bill 109 2019-21,2020-03-10,Victims of Abuse (Support) Bill 2019-21,Domestic abuse; Sexual offences; Victims,4776,F,Twickenham
Presentation bills,Bill 108 2019-21,2020-03-09,Hate Crime (Misandry and Misogyny) Bill 2019-21,Females; Males; Sentencing; Hate crime,1537,M,Kettering
Presentation bills,Bill 107 2019-21,2020-03-09,Hate Crime (Misogyny) Bill 2019-21,Females; Sentencing; Hate crime,4602,F,Bath
Ten minute rule bills,Bill 101 2019-21,2020-03-04,June Bank Holiday (Creation) Bill 2019-21,Public holidays; Brexit,1581,M,Wellingborough
Presentation bills,Bill 100 2019-21,2020-03-04,International Development (Women's Sanitary Products) Bill 2019-21,Overseas aid; Sanitary protection,4765,F,North East Fife
Ten minute rule bills,Bill 99 2019-21,2020-03-03,Rule of Law (Enforcement by Public Authorities) Bill 2019-21,Crime; Enforcement; Local government; Powers; Public bodies,242,M,Christchurch
Presentation bills,Bill 98 2019-21,2020-03-03,School Toilets (Access During Lessons) Bill 2019-21,Access; Pupils; Schools; Sanitation,4656,F,Oxford West and Abingdon
Presentation bills,Bill 97 2019-21,2020-03-03,Sentencing (Women) Bill 2019-21,Females; Offenders; Sentencing; Community orders,4769,F,St Albans
Ten minute rule bills,Bill 94 2019-21,2020-02-26,Workers (Definition and Rights) Bill 2019-21,Conditions of employment; Staff,4463,M,Glasgow South West
Presentation bills,Bill 93 2019-21,2020-02-26,European Citizens' Rights Bill 2019-21,Immigration; Documents; EU nationals; Switzerland; European economic area,4634,F,Edinburgh West
Ten minute rule bills,Bill 92 2019-21,2020-02-25,Hong Kong Bill 2019-21,Immigration; Hong Kong; British national (overseas); Sino-British Joint Declaration,1442,M,Orkney and Shetland
Presentation bills,Bill 91 2019-21,2020-02-25,National Health Service Expenditure Bill 2019-21,Armed forces; Expenditure; NHS; Mental health services; Veterans,4612,M,"Caithness, Sutherland and Easter Ross"
Presentation bills,Bill 87 2019-21,2020-02-10,Asylum Seekers (Accommodation Eviction Procedures) Bill 2019-21,Asylum; Housing; Evictions,4463,M,Glasgow South West
Presentation bills,Bill 86 2019-21,2020-02-10,Universal Credit Sanctions (Zero Hours Contracts) Bill 2019-21,Universal credit; Zero hours contracts,4463,M,Glasgow South West
Presentation bills,Bill 85 2019-21,2020-02-10,Evictions (Universal Credit Claimants) Bill 2019-21,Arrears; Evictions; Rented housing; Universal credit,4463,M,Glasgow South West
Presentation bills,Bill 84 2019-21,2020-02-10,Local Government (Governance) Bill 2019-21,Local government,1581,M,Wellingborough
Presentation bills,Bill 83 2019-21,2020-02-10,North Northamptonshire (Urgent Care Facilities) Bill 2019-21,Health services; Northamptonshire,1581,M,Wellingborough
Presentation bills,Bill 82 2019-21,2020-02-10,Isham Bypass Bill 2019-21,Bypasses; Northamptonshire,1581,M,Wellingborough
Presentation bills,Bill 81 2019-21,2020-02-10,Human Trafficking (Child Protection) Bill 2019-21,Children; Human trafficking; Protection,1581,M,Wellingborough
Presentation bills,Bill 80 2019-21,2020-02-10,Child Safety (Cycle Helmets) Bill 2019-21,Cycling; Helmets; Protective clothing; Safety,1581,M,Wellingborough
Presentation bills,Bill 79 2019-21,2020-02-10,Electoral Candidates (Age) Bill 2019-21,Candidates; Age; Elections,1581,M,Wellingborough
Presentation bills,Bill 78 2019-21,2020-02-10,Homeless People (Current Accounts) Bill 2019-21,Bank services; Homelessness,1581,M,Wellingborough
Presentation bills,Bill 77 2019-21,2020-02-10,British Broadcasting Corporation (Oversight) Bill 2019-21,BBC,1581,M,Wellingborough
Presentation bills,Bill 76 2019-21,2020-02-10,Prime Minister (Accountability to the House of Commons) Bill 2019-21,Accountability; Prime Minister,1581,M,Wellingborough
Presentation bills,Bill 75 2019-21,2020-02-10,Prime Minister (Temporary Replacement) Bill 2019-21,Prime Minister,1581,M,Wellingborough
Presentation bills,Bill 74 2019-21,2020-02-10,General Election (Leaders' Debates) Bill 2019-21,Elections; Political parties,1581,M,Wellingborough
Presentation bills,Bill 73 2019-21,2020-02-10,Hospitals (Parking Charges and Business Rates) Bill 2019-21,Hospitals; Fees and charges; Parking; Non-domestic rates,1581,M,Wellingborough
Presentation bills,Bill 72 2019-21,2020-02-10,Voter Registration Bill 2019-21,Elections; Registration,1581,M,Wellingborough
Presentation bills,Bill 71 2019-21,2020-02-10,Parliamentary Constituencies (Amendment) Bill 2019-21,Constituencies,1581,M,Wellingborough
Presentation bills,Bill 70 2019-21,2020-02-10,Criminal Fraud (Private Prosecutions) Bill 2019-21,Fraud; Prosecutions,242,M,Christchurch
Presentation bills,Bill 69 2019-21,2020-02-10,Domestic Energy (Value Added Tax) Bill 2019-21,Energy; VAT,242,M,Christchurch
Presentation bills,Bill 68 2019-21,2020-02-10,Judicial Appointments and Retirements (Age Limits) Bill 2019-21,Age; Judiciary,242,M,Christchurch
Presentation bills,Bill 67 2019-21,2020-02-10,Speed Limits (England) Bill 2019-21,Driving; Roads; Speed limits,242,M,Christchurch
Presentation bills,Bill 66 2019-21,2020-02-10,Stamp Duty Bill 2019-21,Property; Stamp duties,242,M,Christchurch
Presentation bills,Bill 65 2019-21,2020-02-10,Student Loans (Debt Discharge) Bill 2019-21,Debts; Bankruptcy; Higher education; Loans; Students,242,M,Christchurch
Presentation bills,Bill 64 2019-21,2020-02-10,Sublet Property (Offences) Bill 2019-21,Rented housing,242,M,Christchurch
Presentation bills,Bill 63 2019-21,2020-02-10,Mobile Homes and Park Homes Bill 2019-21,Park homes,242,M,Christchurch
Presentation bills,Bill 62 2019-21,2020-02-10,Electronic Cigarettes (Regulation) Bill 2019-21,Electronic cigarettes,242,M,Christchurch
Presentation bills,Bill 61 2019-21,2020-02-10,Local Roads (Investment) Bill 2019-21,Roads; Repairs and maintenance,242,M,Christchurch
Presentation bills,Bill 60 2019-21,2020-02-10,Working Time and Holiday Pay Bill 2019-21,Conditions of employment; Holidays; Pay; Working hours,242,M,Christchurch
Presentation bills,Bill 59 2019-21,2020-02-10,Public Services (Availability) Bill 2019-21,Public sector; Public service,242,M,Christchurch
Presentation bills,Bill 58 2019-21,2020-02-10,Benefits and Public Services (Restriction) Bill 2019-21,Eligibility; Migrants; Social security benefits,242,M,Christchurch
Presentation bills,Bill 57 2019-21,2020-02-10,Local Authorities (Borrowing and Investment) Bill 2019-21,Borrowing; Land; Local government; Property,242,M,Christchurch
Presentation bills,Bill 56 2019-21,2020-02-10,International Payments (Audit) Bill 2019-21,Audit; Business,242,M,Christchurch
Presentation bills,Bill 55 2019-21,2020-02-10,Green Belt Protection Bill 2019-21,Green belt; Property development,242,M,Christchurch
Presentation bills,Bill 54 2019-21,2020-02-10,Bat Habitats Regulation Bill 2019-21,Bats,242,M,Christchurch
Presentation bills,Bill 53 2019-21,2020-02-10,Schools Bill 2019-21,Class sizes; Pupils; Schools,242,M,Christchurch
Presentation bills,Bill 52 2019-21,2020-02-10,International Development Assistance (Definition) Bill 2019-21,Developing countries; Overseas aid,242,M,Christchurch
Presentation bills,Bill 51 2019-21,2020-02-10,Free Trade (Education and Reporting) Bill 2019-21,Education; Excise duties; Free trade,242,M,Christchurch
Presentation bills,Bill 50 2019-21,2020-02-10,Foreign Nationals (Criminal Offender and Prisoner Removal) Bill 2019-21,Offenders; Prisoners; Nationality,242,M,Christchurch
Presentation bills,Bill 49 2019-21,2020-02-10,Border Control Bill 2019-21,Immigration,242,M,Christchurch
Presentation bills,Bill 48 2019-21,2020-02-10,Illegal Immigration (Offences) Bill 2019-21,Undocumented migrants,242,M,Christchurch
Presentation bills,Bill 47 2019-21,2020-02-10,Deregulation Bill 2019-21,Business; Regulation,242,M,Christchurch
Presentation bills,Bill 46 2019-21,2020-02-10,Value Added Tax Bill 2019-21,Exemptions; VAT,242,M,Christchurch
Presentation bills,Bill 45 2019-21,2020-02-10,National Health Service (Co-funding and Co-payment) Bill 2019-21,Finance; NHS,242,M,Christchurch
Presentation bills,Bill 44 2019-21,2020-02-10,Tax Rates and Duties (Review) Bill 2019-21,Excise duties; Taxation; Tax rates and bands; Tax yields,242,M,Christchurch
Presentation bills,Bill 43 2019-21,2020-02-10,BBC Licence Fee (Civil Penalty) Bill 2019-21,BBC; Arrears; Television licences,242,M,Christchurch
Presentation bills,Bill 42 2019-21,2020-02-10,Public Service Broadcasters (Privatisation) Bill 2019-21,BBC; Channel Four; Privatisation,242,M,Christchurch
Presentation bills,Bill 41 2019-21,2020-02-10,Human Rights and Responsibilities Bill 2019-21,Human rights,242,M,Christchurch
Presentation bills,Bill 40 2019-21,2020-02-10,Healthcare (Local Accountability) Bill 2019-21,Accountability; Health services; Clinical commissioning groups,242,M,Christchurch
Presentation bills,Bill 39 2019-21,2020-02-10,Local Authorities (Removal of Council Tax Restrictions) Bill 2019-21,Council tax,242,M,Christchurch
Presentation bills,Bill 38 2019-21,2020-02-10,Student Loans (Debt Interest) Bill 2019-21,Higher education; Loans; Students,242,M,Christchurch
Presentation bills,Bill 37 2019-21,2020-02-10,Public Sector Exit Payments (Limitation) Bill 2019-21,Conditions of employment; Public sector; Termination of employment,242,M,Christchurch
Presentation bills,Bill 36 2019-21,2020-02-10,Mobile Homes Act 1983 (Amendment) Bill 2019-21,Park homes,242,M,Christchurch
Presentation bills,Bill 35 2019-21,2020-02-10,Caravan Sites Bill 2019-21,Caravan sites,242,M,Christchurch
Presentation bills,Bill 34 2019-21,2020-02-10,Housing Act 2004 (Amendment) Bill 2019-21,Licensing; Social rented housing,242,M,Christchurch
Presentation bills,Bill 33 2019-21,2020-02-10,Anxiety (Environmental Concerns) Bill 2019-21,Environment,242,M,Christchurch
Presentation bills,Bill 32 2019-21,2020-02-10,Net Zero Carbon Emissions (Audit) Bill 2019-21,Audit; Climate change; Carbon emissions,242,M,Christchurch
Presentation bills,Bill 31 2019-21,2020-02-10,Decarbonisation of Road Transport (Audit) Bill 2019-21,Motor vehicles; Roads; Carbon emissions,242,M,Christchurch
Presentation bills,Bill 30 2019-21,2020-02-10,Anxiety in Schools (Environmental Concerns) Bill 2019-21,Environment; Schools,242,M,Christchurch
Ballot bills,Bill 29 2019-21; Ballot 20,2020-02-05,Asylum Seekers (Permission to Work) Bill 2019-21,Asylum; Employment,4443,F,Glasgow North West
Ballot bills,Bill 28 2019-21; Ballot 19,2020-02-05,Third Sector Organisations (Impact and Support) Bill 2019-21,Standards; Third sector,4744,M,Barrow and Furness
Ballot bills,Bill 27 2019-21; Ballot 18,2020-02-05,NHS 111 Service (Training and Clinical Oversight) Bill 2019-21,Health professions; Standards; Training; NHS 111,4515,F,Edmonton
Ballot bills,Bill 26 2019-21; Ballot 17,2020-02-05,Meat (Grading and Labelling) Bill 2019-21,Labelling; Meat; Marketing; Standards,1428,M,North Herefordshire
Ballot bills,Bill 25 2019-21; Ballot 16,2020-02-05,Registers of Births and Deaths Bill 2019-21,"Death; Registration of births, deaths, marriages and civil partnerships; Childbirth",1211,M,Sutton Coldfield
Ballot bills,Bill 24 2019-21; Ballot 15,2020-02-05,Education and Training (Welfare of Children) Bill 2019-21,Children; Educational institutions; Protection,4753,F,City of Durham
Ballot bills,Bill 23 2019-21; Ballot 14,2020-02-05,Unpaid Work Experience (Prohibition) (No. 2) Bill 2019-21,Minimum wage; Unpaid work,4122,M,Stockton North
Ballot bills,Bill 22 2019-21; Ballot 13,2020-02-05,Trade Agreements (Exclusion of National Health Services) Bill 2019-21,Exemptions; NHS; Procurement; Trade agreements,4466,M,Glenrothes
Ballot bills,Bill 21 2019-21; Ballot 12,2020-02-05,Public Interest Disclosure (Protection) Bill 2019-21,Disclosure of information; Protection,4385,F,Central Ayrshire
Ballot bills,Bill 20 2019-21; Ballot 11,2020-02-05,British Library Board (Power to Borrow) Bill 2019-21,Borrowing; British Library Board,4639,M,Hitchin and Harpenden
Ballot bills,Bill 19 2019-21; Ballot 10,2020-02-05,Mental Health Admissions (Data) Bill 2019-21,Admissions; Mental illness; Mental health services,4785,M,Runnymede and Weybridge
Ballot bills,Bill 18 2019-21; Ballot 9,2020-02-05,Control of Roadworks Bill 2019-21,Fixed penalties; Planning; Roads; Repairs and maintenance; Road works,1444,M,Rayleigh and Wickford
Ballot bills,Bill 17 2019-21; Ballot 8,2020-02-05,Prisons (Substance Testing) Bill 2019-21,Drugs; Prisoners; Prisons; Misuse; Testing,NA,NA,NA
Ballot bills,Bill 16 2019-21; Ballot 7,2020-02-05,Sewage (Inland Waters) Bill 2019-21,Inland waterways; Pollution; Sewage; Water companies; Water treatment,1542,M,Ludlow
Ballot bills,Bill 15 2019-21; Ballot 6,2020-02-05,National Minimum Wage Bill 2019-21,Minimum wage,4828,F,"Liverpool, Wavertree"
Ballot bills,Bill 14 2019-21; Ballot 5,2020-02-05,Animal Welfare (Sentencing) Bill 2019-21,Animal welfare; Criminal proceedings; Sentencing,4751,M,West Dorset
Ballot bills,Bill 13 2019-21; Ballot 4,2020-02-05,Botulinum Toxin and Cosmetic Fillers (Children) Bill 2019-21,Children; Regulation; Botulinum toxin; Non-surgical cosmetic procedures,4780,F,Sevenoaks
Ballot bills,Bill 12 2019-21; Ballot 3,2020-02-05,Co-operative and Community Benefit Societies (Environmentally Sustainable Investment) Bill 2019-21,Finance; Environment protection; Investment; Co-operative and community benefit societies,4632,F,Cardiff North
Ballot bills,Bill 11 2019-21; Ballot 2,2020-02-05,Forensic Science Regulator and Biometrics Strategy Bill 2019-21,Forensic science; Regulation; Forensic Science Regulator,4621,M,Bristol North West
Ballot bills,Bill 10 2019-21; Ballot 1,2020-02-05,Education (Guidance about Costs of School Uniforms) Bill 2019-21,Costs; Schools; Uniforms,4667,M,Weaver Vale
